time,consumed-rate
1,555.697669151479
2,1006.7791811185343
3,1007.4248410025342
4,1004.5423753098553
5,1006.5772737174237
6,1061.3082510332658
7,1107.7677933038967
8,1110.1048220574335
9,1110.4757943951554
10,1106.794370098342
11,1150.8409541777596
12,1221.8163775518926
13,1197.3927840112642
14,1224.4176746565329
15,1226.753716272574
16,1224.2297870717043
17,1322.5743267475254
18,1320.7741233120264
19,1290.79022564653
20,1320.3064706084795
21,1347.3022268153823
22,1409.0461620288615
23,1410.818604130069
24,1381.593411882421
25,1418.7542450780186
26,1430.8185171063856
27,1513.6320025671016
28,1515.5980649345795
29,1517.6921583332326
30,1519.5611482651814
31,1529.3498029223565
32,1622.2407271952115
33,1623.746188090808
34,1624.0376186393319
35,1617.7668396748845
36,1623.718900391873
37,1717.501300839016
38,1678.683476537894
39,1717.1733662965062
40,1720.2755801153417
41,1698.344630781871
42,1811.5942612431732
43,1816.1207324297743
44,1817.969069813889
45,1815.9894708520126
46,1830.2731146107426
47,1920.7499011815219
48,1876.1279699695276
49,1921.068363916329
50,1923.9549870172395
51,1895.1688972383108
52,1993.8338372476626
53,1987.3678517847686
54,1892.08388178217
55,1958.1933919040114
56,1971.964800810486
57,1922.2084101177984
58,2018.1251541955612
59,1991.2789247334467
60,1993.1634930714852
61,1967.6775787943218
62,2060.1631839998317
63,1947.065221585327
64,2020.1533188903502
65,1990.3933784870899
