time,consumed-rate
1,594.0038425206571
2,1035.3203516884903
3,1022.5884474103477
4,1022.9920228779138
5,1017.9769202373728
6,1085.8919977860162
7,1111.6514007805756
8,1123.4040002952709
9,1109.4075631250055
10,1108.6697249988804
11,1158.9164688131714
12,1200.6173658840435
13,1215.0371958117464
14,1203.671603788764
15,1204.9735556945352
16,1255.8419470734045
17,1320.3640118644673
18,1322.7172958308022
19,1323.398419081415
20,1324.2240882871881
21,1382.2847811261986
22,1425.4161573985211
23,1420.8872191002438
24,1422.3963094267237
25,1424.2802926996808
26,1450.5595925458065
27,1517.3429387767112
28,1519.1746572661687
29,1521.2505885115006
30,1522.719964880731
31,1529.0973324221657
32,1604.4724761281946
33,1604.8471743311793
34,1603.1556929477015
35,1607.1522021523251
36,1625.6459016367294
37,1700.5709797739798
38,1732.362134930016
39,1732.2335575779468
40,1693.6893963828707
41,1729.2232593607532
42,1820.4013187395342
43,1820.0522616576973
44,1821.9775850197716
45,1808.9564018069116
46,1810.5513199119964
47,1929.6247283599512
48,1911.8670497136454
49,1912.3102326092744
50,1934.4981232687987
51,1919.1789359624238
52,1983.8978757967216
53,1980.6662709172183
54,1847.9632999446712
55,1954.1028281096274
56,1954.1069178728344
57,1992.512577475704
58,1954.1812718460917
59,1970.0859370628143
60,2001.779059188498
61,1917.89952250578
62,2046.2535818334684
63,1965.3825570362078
64,1969.8537951558137
65,2013.848522617669
