time,consumed-rate
1,604.596484085325
2,1014.7227807118068
3,1017.147787016116
4,994.4280585738159
5,1016.2631373591561
6,1054.2661268976776
7,1118.8261577038843
8,1120.488517776223
9,1094.8356200614435
10,1118.6122835342462
11,1154.8873235003198
12,1205.497793833145
13,1204.996683633785
14,1202.6405608689533
15,1202.7713374149644
16,1252.389102866095
17,1295.0667357416294
18,1321.3519645739937
19,1325.8194450310482
20,1296.0185597438153
21,1353.5010497072751
22,1419.7698165572049
23,1422.7208237378684
24,1392.6978217894798
25,1421.8538937895219
26,1445.5680658982808
27,1511.053144159635
28,1513.106747636794
29,1514.7562340983322
30,1516.4669591827271
31,1513.912640976798
32,1626.3698754329844
33,1625.0636556978932
34,1588.9911844780902
35,1626.4671190477216
36,1630.33043240264
37,1720.4171901347509
38,1680.3990618419818
39,1714.9761649450493
40,1708.1552016276248
41,1722.674707149422
42,1820.4710669026929
43,1782.80948283325
44,1821.6761997472856
45,1801.4261349482545
46,1841.3927678502475
47,1911.5107802196364
48,1910.894159535635
49,1909.5876154403004
50,1909.827528099976
51,1910.9366938529063
52,1988.0786197733148
53,1954.1128747470466
54,1967.5612795081206
55,1906.344291184405
56,1926.7355041808412
57,1967.690051071023
58,2021.9908627563946
59,1910.8652141761722
60,2024.5280675396543
61,1954.1082402150505
62,2014.3184918144452
63,2002.7336898737371
64,1971.125864605624
65,1994.3312309278917
