time,busy
1,5.604166666666667
2,3.7708333333333335
3,3.3541666666666665
4,3.270833333333333
5,3.354166666666667
6,3.4375000000000004
7,3.520833333333333
8,3.3749999999999996
9,3.604166666666667
10,3.5416666666666665
11,3.5416666666666665
12,3.7916666666666665
13,3.604166666666667
14,3.666666666666667
15,3.5416666666666665
16,3.5625
17,3.791666666666667
18,3.729166666666667
19,3.729166666666667
20,3.6458333333333335
21,3.75
22,3.854166666666667
23,4.104166666666667
24,3.9166666666666665
25,3.9791666666666665
26,4.5
27,4.041666666666667
28,3.9166666666666674
29,4.166666666666667
30,4.104166666666666
31,4.4375
32,4.416666666666667
33,4.270833333333334
34,4.458333333333333
35,4.437499999999999
36,4.583333333333333
37,4.875
38,4.333333333333334
39,4.854166666666666
40,4.625
41,4.354166666666667
42,4.541666666666667
43,5.062500000000001
44,4.541666666666667
45,4.833333333333333
46,4.895833333333334
47,5.041666666666667
48,5.1875
49,5.062500000000001
50,5.0
51,4.875000000000001
52,4.979166666666667
53,5.375000000000001
54,5.0
55,5.1875
56,5.479166666666667
57,5.375
58,5.458333333333333
59,5.083333333333333
60,5.395833333333333
61,5.375
62,5.354166666666667
63,5.604166666666667
64,5.166666666666666
65,5.895833333333334
