time,busy
1,13.9375
2,12.624999999999998
3,6.645833333333333
4,13.187500000000002
5,11.833333333333332
6,12.1875
7,9.104166666666666
8,4.791666666666668
9,7.4375
10,11.6875
11,12.708333333333334
12,9.020833333333334
13,7.75
14,7.791666666666667
15,9.1875
16,7.791666666666668
17,11.0625
18,12.833333333333332
19,8.395833333333334
20,8.291666666666666
21,5.520833333333333
22,10.291666666666666
23,10.666666666666668
24,9.5
25,9.604166666666666
26,6.687499999999999
27,6.75
28,5.083333333333333
29,12.916666666666666
30,11.166666666666668
31,9.979166666666666
32,8.458333333333334
33,5.375
34,15.520833333333334
35,12.125
36,12.45833333333333
37,10.791666666666666
38,12.1875
39,13.5625
40,9.520833333333334
41,11.958333333333332
42,8.770833333333332
43,11.604166666666666
44,7.395833333333333
45,12.125
46,13.583333333333332
47,8.916666666666666
48,10.770833333333332
49,10.624999999999998
50,7.229166666666666
51,9.333333333333332
52,11.520833333333334
53,11.104166666666666
54,11.354166666666668
55,11.666666666666666
56,16.083333333333332
57,7.958333333333334
58,16.0625
59,9.416666666666668
60,15.8125
61,7.4375
62,9.75
63,9.520833333333334
64,6.062500000000002
65,9.625
