time,busy
1,15.041666666666666
2,6.104166666666666
3,8.729166666666666
4,9.958333333333334
5,9.125
6,11.291666666666668
7,9.291666666666668
8,6.687499999999999
9,8.291666666666668
10,8.375
11,5.9375
12,7.312499999999999
13,8.979166666666666
14,6.270833333333334
15,6.3125
16,9.020833333333334
17,12.291666666666666
18,8.5625
19,9.583333333333334
20,10.916666666666666
21,5.083333333333334
22,10.791666666666666
23,3.5
24,5.104166666666666
25,6.354166666666666
26,9.229166666666668
27,9.5625
28,6.520833333333334
29,11.395833333333334
30,8.416666666666668
31,10.208333333333334
32,8.729166666666668
33,8.5
34,9.020833333333334
35,8.770833333333334
36,8.6875
37,10.708333333333334
38,13.499999999999998
39,10.4375
40,11.583333333333334
41,11.520833333333334
42,9.979166666666668
43,10.458333333333334
44,10.562500000000002
45,7.395833333333333
46,11.916666666666666
47,9.208333333333334
48,12.625
49,9.249999999999998
50,11.083333333333334
51,6.229166666666667
52,13.520833333333336
53,17.333333333333336
54,11.479166666666664
55,13.437500000000002
56,10.916666666666666
57,11.041666666666668
58,16.291666666666664
59,9.666666666666666
60,13.208333333333334
61,7.645833333333332
62,14.812500000000002
63,14.374999999999998
64,10.6875
65,9.4375
