time,cache-hit
0,0.0
1,44.354166666666664
2,48.791666666666664
3,49.020833333333336
4,49.125
5,49.125
6,49.16666666666667
7,49.125
8,49.125
9,49.125
10,49.125
11,49.1875
12,49.25
13,49.25
14,49.3125
15,49.29166666666667
16,49.29166666666667
17,49.458333333333336
18,49.47916666666667
19,49.4375
20,49.5
21,49.5
22,49.5
23,49.39583333333333
24,49.375
25,49.375
26,49.47916666666667
27,49.375
28,49.375
29,49.375
30,49.375
31,49.10416666666667
32,48.93749999999999
33,49.0
34,49.041666666666664
35,49.14583333333333
36,49.14583333333333
37,49.125
38,49.22916666666667
39,49.333333333333336
40,49.375
41,49.3125
42,49.125
43,49.229166666666664
44,49.25
45,49.25
46,49.25
47,49.27083333333333
48,49.270833333333336
49,49.35416666666667
50,49.375
51,49.375
52,49.375
53,49.375
54,49.375
55,49.375
56,49.375
57,49.375
58,49.375
59,49.375
60,49.375
61,49.375
62,49.375
63,49.33333333333333
64,49.29166666666667
65,49.33333333333333
66,49.25
67,49.25
68,49.25
69,49.25
70,49.29166666666667
71,49.27083333333333
72,49.33333333333333
73,49.375
74,49.375
75,49.375
76,49.375
77,0.0
78,0.0
79,0.0
80,42.375
81,98.83333333333334
82,99.0
83,99.0
84,99.0
85,99.0
86,99.0
87,99.0
88,99.0
89,99.0
90,99.0

