time,busy
1,6.791666666666666
2,4.520833333333333
3,4.333333333333333
4,4.3125
5,4.375
6,4.604166666666667
7,5.020833333333333
8,4.354166666666667
9,4.479166666666666
10,4.3125
11,4.520833333333334
12,4.791666666666667
13,4.708333333333334
14,4.666666666666666
15,4.541666666666667
16,4.750000000000001
17,4.604166666666667
18,4.833333333333333
19,4.812500000000001
20,4.666666666666666
21,4.916666666666667
22,4.854166666666666
23,5.083333333333333
24,5.312500000000001
25,5.291666666666667
26,5.479166666666666
27,5.3125
28,5.25
29,5.270833333333334
30,5.25
31,5.604166666666666
32,5.916666666666667
33,5.874999999999999
34,5.687499999999999
35,5.708333333333333
36,5.729166666666666
37,5.9375
38,6.0
39,5.895833333333334
40,5.708333333333334
41,6.083333333333332
42,6.4375
43,6.145833333333334
44,6.208333333333334
45,6.104166666666666
46,6.062499999999999
47,6.479166666666666
48,6.333333333333332
49,6.5
50,6.291666666666667
51,6.187499999999999
52,6.645833333333334
53,6.583333333333334
54,6.145833333333333
55,6.229166666666667
56,6.104166666666666
57,6.270833333333333
58,6.166666666666667
59,6.166666666666666
60,6.3125
61,6.645833333333333
62,6.333333333333333
63,6.291666666666667
64,6.583333333333333
65,6.333333333333333
