time,cache-hit
0,0
1,43.729166666666664
2,49.0625
3,49.0
4,49.0
5,49.0
6,49.0
7,49.0
8,49.0
9,49.0
10,49.0625
11,49.125
12,49.125
13,49.16666666666667
14,49.22916666666667
15,49.25
16,49.25
17,49.25
18,49.25
19,49.1875
20,49.25
21,49.291666666666664
22,49.375
23,49.375
24,49.375
25,49.375
26,49.375
27,49.375
28,49.35416666666667
29,49.27083333333333
30,49.25
31,49.25
32,49.25
33,49.25
34,49.25
35,49.25
36,49.25
37,49.25
38,49.25
39,49.25
40,49.25
41,49.25
42,49.25
43,49.25
44,49.35416666666667
45,49.35416666666667
46,49.33333333333333
47,49.375
48,49.375
49,49.375
50,49.375
51,49.375
52,49.375
53,49.375
54,49.375
55,49.375
56,49.375
57,49.375
58,49.375
59,49.375
60,49.375
61,49.33333333333333
62,49.16666666666667
63,49.29166666666667
64,49.41666666666667
65,49.39583333333333
66,49.375
67,49.375
68,49.375
69,49.375
70,49.375
