time,busy
1,491.85416666666674
2,515.625
3,517.2083333333334
4,516.875
5,517.125
6,557.7916666666666
7,564.7916666666666
8,566.2708333333334
9,567.6666666666666
10,567.5416666666666
11,615.9583333333334
12,630.3958333333334
13,627.125
14,626.3750000000001
15,624.2499999999999
16,664.5625000000001
17,671.5416666666666
18,670.4166666666667
19,668.5416666666667
20,667.9374999999999
21,717.7083333333333
22,740.7083333333333
23,737.5208333333334
24,740.0
25,738.1666666666667
26,767.0416666666666
27,782.0416666666666
28,781.2083333333333
29,779.7291666666666
30,777.5416666666666
31,809.7708333333334
32,823.1458333333335
33,821.7708333333333
34,821.1458333333333
35,821.6041666666666
36,848.1875
37,877.6666666666667
38,878.3958333333333
39,877.1666666666667
40,881.1666666666667
41,903.375
42,938.9583333333334
43,940.4375
44,938.8541666666667
45,941.1041666666667
46,966.2916666666667
47,988.0
48,987.9374999999999
49,991.4791666666667
50,989.7916666666666
51,978.0833333333334
52,1000.0
53,1000.0
54,1000.0
55,1000.0
56,1000.0
57,1000.0
58,1000.0
59,1000.0
60,1000.0
61,1000.0
62,1000.0
63,1000.0
64,1000.0
65,1000.0
