time,consumed-rate
1,626.3118526620858
2,1030.4328371379188
3,1033.1764570822722
4,1012.1991859587381
5,1033.1995433452985
6,1070.6282361850465
7,1136.0664540296286
8,1138.6553133899818
9,1115.8470101996895
10,1140.6198219904468
11,1180.7547679184042
12,1219.2824995541857
13,1242.3104076978636
14,1214.7495976471578
15,1234.519213811386
16,1270.6186569204417
17,1306.255460365661
18,1303.3514493253115
19,1301.6075068460484
20,1303.1967239375592
21,1344.4245261722185
22,1434.8347928142443
23,1447.4022765151333
24,1418.0004618750866
25,1450.5160880278759
26,1448.149630600388
27,1556.2253458420903
28,1559.8825491891798
29,1525.7484347215957
30,1554.8407279257715
31,1573.411686083839
32,1623.0913234056604
33,1624.1864008237812
34,1626.992268901611
35,1620.8910531127044
36,1631.9445784926365
37,1726.5849633434802
38,1765.5402906892716
39,1744.4061341133652
40,1739.9853183385314
41,1787.0866597358338
42,1827.9375302189317
43,1868.480499071873
44,1872.788562604201
45,1832.5215937464898
46,1887.3588750242811
47,1928.1505654770187
48,1963.8231885384077
49,1960.1004683114752
50,1899.0836628648915
51,1970.5662253934127
52,2014.9583315290713
53,2015.790077682931
54,2018.8485073298182
55,2018.8139740742247
56,1984.083308620915
57,2170.1334624749
58,2124.961414688155
59,2173.3545375409926
60,2129.15882508683
61,2178.692479497973
62,2282.1468959780204
63,2232.5818328098403
64,2272.9500377064132
65,2269.840527716018
