time,consumed-rate
1,649.2299195033921
2,994.1371629156251
3,1003.3163287726934
4,1004.6594046888686
5,1005.9362723448141
6,1082.3423427673952
7,1107.8034085486331
8,1108.48840404474
9,1103.906278710965
10,1117.126541109971
11,1157.7769566234006
12,1222.3967060303382
13,1221.2555359466796
14,1218.5302404421484
15,1213.700566233012
16,1263.3568269630377
17,1335.5565379948794
18,1320.3426843169277
19,1316.091919249166
20,1315.6250209244656
21,1337.486206666456
22,1410.993840274831
23,1414.4701138515547
24,1416.481793217134
25,1417.2605744758328
26,1423.7818520118465
27,1508.9246757797355
28,1512.5018825842387
29,1514.6654132453784
30,1512.3763436858642
31,1492.5894952174774
32,1620.544171140236
33,1621.0803800215792
34,1627.2526436404908
35,1612.0540856289235
36,1636.5265640028836
37,1714.377007781728
38,1718.0696431730098
39,1720.199354367392
40,1721.2759417287325
41,1765.1933470018148
42,1834.17562155104
43,1832.821024399757
44,1834.4522122471578
45,1836.6597615017185
46,1834.374853614985
47,1934.9767357528976
48,1932.513428626757
49,1910.352275455983
50,1930.9072519430495
51,1908.8612771445123
52,2037.8739697631559
53,2017.3339398626715
54,2021.7837514897974
55,2045.2765871597346
56,2038.2856970641492
57,2104.4610338968155
58,2129.4917350446035
59,2129.7491410216253
60,2130.942445572632
61,2095.9191271177424
62,2224.9376415604247
63,2224.0962399175055
64,2221.481455641042
65,2217.6366084538818
